middle,count
to,76
ja,86
ri,192
ta,114
ke,136
te,132
ku,28
to,75
so,29
ti,101
du,18
nu,41
i,66
ko,80
po,41
ra,177
ku,27
ri,191
ru,53
te,131
ra,176
*35,2
*35,1
*56,9
da,76
*56,8
*64,2
*64,1
*65,7
ma,71
na,80
*65,6
da,75
ma,70
da,74
ra,175
da,73
ra,174
da,72
ra,173
te,130
da,71
ra,172
ti,100
da,70
wa,80
si,74
da,69
wo,70
de,28
me,67
de,27
de,26
de,25
di,22
*22,4
di,21
je,33
di,20
nwa,4
di,19
ri,190
ja,85
di,18
ri,189
do,35
du,17
po,40
du,16
ru,52
po,39
dwe,1
e,53
da,68
do,34
e,52
ri,188
e,51
ri,187
e,50
ri,186
qo,43
e,49
se,43
e,48
ti,99
i,65
qe,16
ja,84
me,66
ka,95
ka,94
i,64
ka,93
i,63
ka,92
ma,69
ka,91
ma,68
ka,90
ma,67
ka,89
me,65
ka,88
na,79
ka,87
ra,171
ka,86
re,146
ka,85
re,145
u,92
ka,84
sa,55
ka,83
si,73
jo,36
ka,82
ta,113
ka,81
ta,112
ra,170
te,129
so,28
ka,80
ka,79
to,74
ka,78
wi,71
ja,83
ka,77
ke,135
ke,134
e,47
ke,133
ne,69
u,91
ke,132
ke,131
ke,130
ra,169
ke,129
ra,168
ke,128
ra2,8
ke,127
ke,126
re,144
ke,125
re,143
ke,124
re,142
ke,123
re,141
u,90
ke,122
re,140
ke,121
re,139
wi,70
ke,120
ke,119
ke,118
te,128
ke,117
ti,98
ke,116
ti,97
ke,115
ti,96
ri,185
ke,114
ti,95
ri,184
ke,113
ti,94
ri,183
ke,112
to,73
ke,111
ke,110
wa,79
ke,109
wa,78
ki,64
re,138
ki,63
ri,182
ki,62
ti,93
ki,61
ki,60
wa,77
ki,59
wo,69
ni,76
ko,79
da,67
ko,78
da,66
ko,77
da,65
ko,76
i,62
ko,75
mo,25
ni,75
ko,74
ko,73
ra,167
ko,72
ko,71
ro,115
da,64
ko,70
ro,114
qo,42
ko,69
ro,113
ko,68
ro,112
ko,67
so,27
ko,66
so,26
ko,65
te,127
ko,64
ko,63
to,72
ko,62
to,71
ko,61
we,61
i,61
ko,60
ku,26
di,17
ri,181
ku,25
na,78
ku,24
ri,180
ku,23
ku,22
tu,30
ru,51
ku,21
ma,66
ko,59
ma,65
ma,64
ru,50
ma,63
ru,49
ma,62
to,70
ma,61
tu,29
me,64
me,63
me,62
ja,82
me,61
me,60
mi,47
mi,46
ke,108
te,126
mi,45
ni,74
mi,44
ni,73
mi,43
nu,40
wa,76
mi,42
si,72
mi,41
to,69
mo,24
i,60
je,32
mo,23
ke,107
mo,22
ra,166
mo,21
ta,111
mo,20
te,125
jo,35
na,77
mo,19
te,124
mo,18
te,123
wi,69
mo,17
te,122
mu,8
ta,110
na,76
na,75
na,74
ke,106
na,73
ki,58
na,72
mo,16
na,71
qo,41
na,70
re,137
na,69
te,121
na,68
ne,68
ne,67
ne,66
ne,65
ra,165
ne,64
ta,109
ne,63
te,120
ne,62
u,89
ne,61
u,88
ni,72
ni,71
ja,81
ni,70
o,22
no,35
ke,105
no,34
ke,104
no,33
me,59
no,32
no,31
no,30
no,29
wo,68
no,28
qa,19
si,71
no,27
qo,40
no,26
ra,164
no,25
no,24
ze,13
no,23
zo,10
nu,39
nu,38
nu,37
nu,36
nu,35
nu,34
wa,75
nu,33
wi,68
o,21
ri,179
o,20
ri,178
me,58
o,19
ze,12
pa,61
i,59
ti,92
pa,60
je,31
pa,59
ni,69
pa,58
re,136
pa,57
re,135
u,87
pa,56
ri,177
ka,76
na,67
we,60
pa,55
sa,54
ki,57
pa,54
si,70
jo,34
pa,53
pa,52
ta,108
pa,51
u,86
pe,56
a,13
pe,55
do,33
pe,54
e,46
pe,53
e,45
pe,52
e,44
pe,51
i,58
pe,50
i,57
pe,49
i,56
pe,48
ke,103
pe,47
ne,60
pe,46
pe,45
pe,44
ri,176
ta,107
pe,43
te,119
me,57
pe,42
te,118
pe,41
ti,91
pi,80
a2,9
pi,79
da,63
pi,78
do,32
pi,77
e,43
pi,76
je,30
pi,75
ka,75
ra,163
do,31
pi,74
me,56
pi,73
no,22
e,42
wi,67
pi,72
po,38
re,134
pi,71
qo,39
pi,70
qo,38
pi,69
qo,37
pi,68
ra,162
pi,67
re,133
pi,66
re,132
pi,65
te,117
pi,64
te,116
pi,63
wa,74
pi,62
e,41
pi,61
ja,80
ko,58
ro,111
pi,60
ja,79
pi,59
pi,58
ke,102
ne,59
pi,57
po,37
ne,58
po,36
po,35
te,115
po,34
te,114
ro,110
pu,18
do,30
pu,17
do,29
so,25
pu,16
da,62
se,42
pu,15
do,28
pu,14
pu,13
pu,12
ki,56
pu,11
ko,57
wo,67
pu,10
ne,57
pu2,10
pu2,9
pu2,8
qa,18
qa,17
qe,15
qi,20
ja,78
qi,19
qi,18
qi,17
qi,16
qi,15
ti,90
qi,14
zo,9
qo,36
ra,161
da,61
ra,160
i,55
ra,159
ka,74
ra,158
ka,73
te,113
ra,157
ra,156
na,66
ra,155
ro,109
mo,15
te,112
me,55
ra,154
ru,48
ra,153
si,69
re,131
i,54
re,130
i,53
me,54
re,129
i,52
ze,11
we,59
re,128
re,127
re,126
ka,72
sa,53
da,60
ra,152
re,125
ke,101
se,41
re,124
ki,55
si,68
re,123
ko,56
to,68
re,122
ku,20
tu,28
ru,47
re,121
re,120
pa,50
zo,8
re,119
pa,49
zo,7
re,118
pe,40
se,40
re,117
sa,52
ni,68
re,116
se,39
re,115
su,18
ti,89
re,114
ta,106
re,113
ta,105
re,112
ta,104
re,111
ta,103
re,110
ta,102
re,109
re,108
te,111
re,107
re,106
to,67
re,105
u,85
re,104
ri,175
ja,77
ri,174
ja,76
ri,173
ke,100
ri,172
ri,171
ri,170
ri,169
we,58
ri,168
ro,108
do,27
ro,107
ro,106
ro,105
je,29
ro,104
ro,103
ro,102
ro,101
ro,100
ro,99
u,84
ro,98
u,83
ro,97
ro,96
ro,95
wo,66
ro,94
ro,93
ro2,5
ro2,4
sa,51
ma,60
sa,50
ma,59
sa,49
mi,40
sa,48
sa,47
se,38
si,67
ja,75
ti,88
si,66
ja,74
ti,87
si,65
to,66
po,33
si,64
wi,66
si,63
wi,65
so,24
so,23
qi,13
ta,101
ma,58
ne,56
ta,100
ma,57
no,21
ta,99
ma,56
ta,98
na,65
po,32
ti,86
ni,67
ta,97
ta,96
ta,95
ta,94
ra,151
si,62
ta,93
ta,92
ro,92
ta,91
ti,85
ta,90
tu,27
ta,89
ta,88
ze,10
te,110
i,51
ja,73
te,109
te,108
te,107
mi,39
te,106
te,105
ra,150
te,104
re,103
e,40
te,103
te,102
re,102
te,101
te,100
re,101
wi,64
te,99
u,82
te,98
te,97
wo,65
ti,84
ti,83
ja,72
ti,82
ti,81
ti,80
ke,99
ne,55
ti,79
pa,48
ti,78
ri,167
ti,77
to,65
me,53
to,64
to,63
mo,14
to,62
po,31
to,61
ro,91
tu,26
tu,25
qo,35
tu,24
qo,34
te,96
ra,149
u,81
u,80
ta,87
wa,73
ne,54
wa,72
ra,148
ka,71
wa,71
si,61
wa,70
wa,69
wa,68
ti,76
ka,70
we,57
ke,98
se,37
we,56
u,79
wi,63
je,28
wi,62
to,60
do,26
wo,64
i,50
wo,63
wo,62
ti,75
wo,61
ti,74
ze,9
ze,8
ze,7
ti,73
ri,166
ze,6
di,16
je,27
e,39
ka,69
a2,8
ki,54
ri,165
ke,97
te,95
ke,96
wo,60
a,12
ki,53
ki,52
ku,19
mi,38
ku,18
ni,66
ne,53
u,78
nu,32
me,52
pa,47
tu,23
wo,59
ra,147
ka,68
ra,146
tu,22
ri,164
ri,163
ru,46
wo,58
te,94
te,93
zo,6
qi,12
du,15
wo,57
ka,67
na,64
ka,66
ka,65
sa,46
ke,95
ke,94
ke,93
wa,67
ke,92
wa,66
ki,51
a2,7
ri,162
ki,50
a2,6
ri,161
ki,49
de,24
ki,48
e,38
ki,47
no,20
ki,46
pa,46
ki,45
ki,44
po,30
ki,43
si,60
ki,42
wa,65
ki,41
wa,64
ko,55
ku,17
pi,56
ti,72
me,51
mi,37
re,100
ni,65
nu,31
me,50
pu,9
ke,91
ne,52
se,36
so,22
ni,64
ta,86
ta,85
re,99
u,77
ta,84
ta,83
ro,90
ti,71
jo,33
tu,21
ti,70
wa,63
wa,62
wa,61
wo,56
di,15
jo,32
wo,55
zo,5
a3,3
de,23
de,22
we,55
sa,45
ja,71
ke,90
i,49
ja,70
te,92
ke,89
ri,160
ri,159
mo,13
ta,82
te,91
to,59
*34,3
ta,81
to,58
a2,5
to,57
a3,2
to,56
to,55
te,90
qa,16
u,76
wi,61
ja,69
*22,3
*65,5
pa,45
*83,5
*83,4
*83,3
da,59
re,98
jo,31
i,48
ja,68
ke,88
re,97
i,47
pi,55
i,46
qo,33
i,45
i,44
ta,80
ra,145
i,43
wo,54
i,42
ze,5
ja,67
ka,64
ja,66
ka,63
sa,44
na,63
ko,54
ko,53
ma,55
o,18
ma,54
mi,36
mi,35
ni,63
mi,34
ni,62
mo,12
de,21
mo,11
ko,52
na,62
na,61
na,60
nu,30
wa,60
a,11
nu,29
o,17
pu,8
ri,158
pu2,7
ra,144
pu2,6
ri,157
to,54
ra,143
ra,142
mu,7
ru,45
sa,43
so,21
ta,79
ja,65
ta,78
ra,141
te,89
ne,51
te,88
te,87
we,54
to,53
re,96
to,52
u,75
da,58
u,74
ta,77
wa,59
we,53
we,52
u,73
de,20
me,49
do,25
me,48
do,24
wa,58
re,95
ka,62
sa,42
ke,87
se,35
ki,40
si,59
ko,51
ku,16
tu,20
wo,53
ma,53
me,47
o,16
mi,33
ni,61
mi,32
ni,60
mo,10
ni,59
so,20
u,72
jo,30
u,71
ka,61
ri,156
u,70
ke,86
u,69
ki,39
u,68
ki,38
jo,29
we,51
we,50
we,49
ro,89
a3,1
ko,50
ra,140
i,41
wi,60
wi,59
*65,4
pa,44
da,57
ka,60
da,56
ma,52
de,19
do,23
du,14
du,13
ka,59
ka,58
ta,76
ki,37
nu,28
ko,49
na,59
ko,48
no,19
nu,27
wa,57
pi,54
pi,53
si,58
je,26
wi,58
pi,52
si,57
pte,3
pte,2
ra,139
po,29
qa,15
ra,138
po,28
ra,137
ra,136
wo,52
ri,155
mi,31
ta,75
ka,57
u,67
wa,56
we,48
se,34
we,47
wi,57
ja,64
wi,56
ja,63
wi,55
je,25
wi,54
je,24
wi,53
wi,52
jo,28
wi,51
pa,43
wo,51
a,10
wo,50
nu,26
wo,49
pu,7
ka,56
za,9
e,37
e,36
ka,55
ma,51
po,27
qe,14
qe,13
qo,32
qo,31
qo,30
ra,135
re,94
ri,154
je,23
ri,153
ka,54
ri,152
ka,53
ri,151
ro,88
ro,87
me,46
ro,86
so,19
ti,69
ti,68
jo,27
we,46
ko,47
ni,58
ni,57
pi,51
pu2,5
ra,134
pu2,4
qo,29
te,86
re,93
ru,44
ru,43
to,51
sa,41
ta,74
tu,19
wo,48
*65,3
da,55
e,35
do,22
mo,9
ne,50
e,34
ro,85
pa,42
jo,26
qe,12
ro,84
e,33
e,32
ka,52
ma,50
ka,51
ka,50
ka,49
ra,133
e,31
ka,48
sa,40
te,85
ka,47
te,84
ka,46
te,83
re,92
ke,85
ke,84
da,54
ke,83
de,18
ke,82
i,40
ke,81
i,39
ja,62
ke,80
i,38
jo,25
ke,79
ke,78
jo,24
ke,77
me,45
ke,76
na,58
ke,75
ke,74
nu,25
ke,73
ra,132
ke,72
ra2,7
ke,71
ri,150
jo,23
ke,70
ke,69
ro,83
qo,28
ke,68
ke,67
se,33
ke,66
si,56
ki,36
ki,35
ko,46
me,44
na,57
ta,73
ko,45
me,43
ko,44
ko,43
so,18
ko,42
ko,41
to,50
ri,149
ku,15
se,32
we,45
ma,49
ma,48
me,42
si,55
mi,30
ja,61
mi,29
na,56
i,37
na,55
po,26
na,54
po,25
na,53
ri,148
po,24
ne,49
e,30
ne,48
ne,47
ke,65
se,31
ne,46
me,41
ne,45
ne,44
ne,43
re,91
ne,42
si,54
da,53
o,15
ne,41
ti,67
ne,40
wo,47
pe,39
ni,56
ja,60
u,66
si,53
ni,55
pa,41
te,82
ni,54
ni,53
to,49
no,18
wa,55
nu,24
wa,54
ri,147
nwa,3
ri,146
o,14
te,81
pa,40
pa,39
sa,39
na,52
pe,38
pe,37
ke,64
pi,50
*19,1
pi,49
ke,63
pi,48
ke,62
pi,47
ki,34
to,48
ni,52
pi,46
ko,40
pi,45
ko,39
pi,44
ro,82
pa,38
pi,43
we,44
ti,66
ri,145
pi,42
da,52
pi,41
ja,59
pi,40
po,23
me,40
ne,39
pu2,3
qa,14
qe,11
ra,131
qe,10
ra,130
ra,129
pe,36
me,39
ra,128
ra,127
ra,126
ra,125
ra3,4
re,90
dwo,1
re,89
e,29
re,88
o,13
re,87
re,86
pa,37
i,36
re,85
pa,36
te,80
re,84
re,83
u,65
te,79
re,82
u,64
ti,65
ri,144
ri,143
ri,142
ko,38
ri,141
no,17
ri,140
ri,139
ri,138
ri,137
sa,38
ri,136
ri,135
ta,72
qi,11
ri,134
ta,71
ri,133
ri,132
ti,64
ri,131
to,47
ti,63
ri,130
we,43
ro,81
ro,80
ma,47
ro,79
pa,35
ke,61
ro,78
pa,34
ke,60
ro,77
u,63
ro2,3
ro2,2
ru,42
ta,70
ru,41
to,46
sa,37
pa,33
ke,59
sa,36
re,81
se,30
re,80
e,28
so,17
ta,69
je,22
ta,68
wo,46
ne,38
te,78
do,21
te,77
te,76
wa,53
te,75
wa,52
tu,18
te,74
wo,45
ke,58
re,79
we,42
i,35
ti,62
je,21
ti,61
ti,60
wa,51
ti,59
to,45
ni,51
to,44
ro,76
qa,13
to,43
wo,44
u,62
da,51
i,34
u,61
da,50
u,60
de,17
we,41
u,59
ko,37
u,58
me,38
u,57
me,37
u,56
te,73
re,78
u,55
u,54
na,51
u,53
ru,40
qo,27
wa,50
ra,124
we,40
de,16
wi,50
ri,129
wi,49
te,72
wi,48
to,42
wo,43
ta,67
ze,4
zo,4
da,49
i,33
da,48
ra,123
do,20
me,36
ne,37
do,19
me,35
ni,50
ja,58
me,34
ja,57
pu2,2
ja,56
ja,55
wo,42
je,20
re,77
je,19
re,76
je,18
je,17
ro,75
wo,41
je,16
to,41
jo,22
ka,45
ke,57
se,29
ke,56
ku,14
tu,17
mi,28
ri,128
na,50
na,49
ne,36
pe,35
po,22
po,21
qo,26
i,32
qe,9
qi,10
qo,25
po,20
qo,24
ra,122
ro,74
sa,35
se,28
we,39
ri,127
su,17
ku,13
wo,40
do,18
ta,66
ta,65
te,71
ja,54
te,70
te,69
ti,58
nu,23
to,40
we,38
wa,49
wa,48
we,37
za,8
ke,55
te,68
ma,46
ma,45
ta,64
pa,32
ra,121
pe,34
re,75
ra,120
sa,34
sa,33
ti,57
e,27
ke,54
to,39
te,67
re,74
pa,31
*56,7
na,48
*56,6
*56,5
so,16
a,9
da,47
i,31
da,46
i,30
da,45
mi,27
da,44
da,43
ra,119
da,42
da,41
si,52
di,14
ti,56
do,17
e,26
sa,32
me,33
e,25
se,27
ka,44
ka,43
re,73
ke,53
ja,53
ke,52
ko,36
de,15
ma,44
e,24
ma,43
ma,42
ti,55
jo,21
ma,41
ma,40
mi,26
ni,49
mo,8
ni,48
na,47
a,8
na,46
na,45
pe,33
na,44
po,19
na,43
na,42
to,38
ne,35
ne,34
u,52
ni,47
nu,22
se,26
nu,21
ta,63
pa,30
pa,29
pa,28
pa,27
ri,126
pa,26
si,51
pa,25
pa,24
ti,54
pe,32
se,25
wa,47
pi,39
ni,46
pu,6
ra,118
*56,4
ra,117
a,7
ra,116
do,16
ra,115
do,15
wa,46
ra,114
e,23
ri,125
ra,113
ra,112
ra,111
ma,39
ra,110
na,41
ra,109
na,40
ra,108
ni,45
ra,107
pa,23
ra,106
ra,105
ra,104
re,72
ra,103
re,71
ra,102
se,24
ti,53
ri,124
ra,101
so,15
ra,100
su,16
ra,99
te,66
mi,25
ra,98
te,65
ra,97
ti,52
ri,123
ra,96
ra,95
u,51
du,12
ra,94
u,50
ra,93
u,49
ra,92
u,48
ra,91
wa,45
ni,44
ra,90
ra,89
wi,47
ra,88
wi,46
po,18
ra,87
wi,45
ri,122
pi,38
ri,121
se,23
ri,120
si,50
ro,73
ke,51
ro,72
ru,39
ru,38
ru,37
ti,51
je,15
ja,52
o,12
ru,36
ru,35
sa,31
sa,30
sa,29
si,49
ko,35
ta,62
mi,24
ta,61
ta,60
ta,59
ta,58
ta,57
ta2,2
te,64
to,37
tu,16
re,70
wi,44
ja,51
tu,15
tu,14
u,47
u,46
u,45
ti,50
wa,44
do,14
wa,43
wa,42
wa,41
ti,49
wi,43
wi,42
zo,3
zo,2
*83,2
do,13
si,48
ka,42
ke,50
me,32
me,31
ra,86
e,22
ra,85
ja,50
ra,84
me,30
ra,83
me,29
ra,82
re,69
re,68
re,67
te,63
re,66
ti,48
re,65
re,64
ri,119
mi,23
ro,71
si,47
ro,70
sa,28
do,12
sa,27
me,28
se,22
ni,43
wi,41
ti,47
de,14
ti,46
to,36
u,44
po,17
u,43
*18,1
i,29
da,40
du,11
e,21
ke,49
ma,38
mu,6
mu,5
nu,20
ra,81
*56,3
ra,80
di,13
ri,118
ja,49
i,28
ri,117
ja,48
ri,116
jo,20
ri,115
ne,33
ri,114
ri,113
ta,56
ri,112
te,62
wi,40
ri,111
ti,45
jo,19
si,46
wi,39
ta,55
ne,32
ta,54
ti,44
me,27
u,42
u,41
ro,69
a,6
ka,41
ki,33
de,13
ku,12
ma,37
ni,42
da,39
no,16
ni,41
o,11
ke,48
pe,31
re,63
pu,5
re,62
re,61
re,60
re,59
ri,110
a2,4
da,38
ri,109
ja,47
da,37
ri,108
ri,107
ro,68
du,10
ro,67
ja,46
ro,66
ja,45
ro,65
jo,18
wo,39
wi,38
ro,64
ki,32
ro,63
ku,11
ra,79
i,27
ro,62
no,15
we,36
ro,61
sa,26
ro,60
ro,59
te,61
wi,37
ro,58
ro,57
tu,13
ro,56
we,35
ro,55
ze,3
ru,34
da,36
ro,54
ru,33
ru,32
ta,53
ru,31
ru,30
ru,29
we,34
sa,25
ma,36
sa,24
ma,35
so,14
so,13
ni,40
so,12
u,40
ta,52
te,60
ri,106
te,59
te,58
to,35
to,34
ne,31
tu,12
u,39
wi,36
ro,53
wo,38
za,7
*63,1
da,35
jo,17
da,34
ma,34
i,26
ja,44
ka,40
da,33
ka,39
ka,38
ra,78
ka,37
ka,36
ke,47
re,58
ke,46
ke,45
ko,34
wi,35
mi,22
mi,21
mo,7
mo,6
no,14
na,39
na,38
ke,44
ta,51
na,37
ke,43
ta,50
na,36
ki,31
ne,30
ni,39
pa,22
nu,19
we,33
pa,21
ri,105
se,21
pa,20
ri,104
pa,19
pa,18
pe,30
re,57
pe,29
se,20
pe,28
te,57
pi,37
ri,103
ra,77
re,56
ri,102
na,35
ze,2
ri,101
sa,23
ru,28
ru,27
me,26
ne,29
ru,26
me,25
ru,25
ni,38
ru,24
ru,23
ru,22
su,15
ru,21
sa,22
me,24
ni,37
so,11
su,14
a,5
ta,49
su,13
su,12
su,11
to,33
ro,52
ta,48
i,25
ta,47
i,24
ta,46
si,45
ta,45
ta,44
te,56
te,55
re,55
te,54
re,54
u,38
te,53
te,52
te,51
we,32
tu,11
qa,12
wa,40
ni,36
jo,16
wa,39
wa,38
di,12
di,11
du,9
ka,35
ka,34
ke,42
ke,41
ra,76
ki,30
nu,18
ki,29
ro,51
ki,28
ro,50
ma,33
mi,20
di,10
na,34
je,14
na,33
na,32
si,44
we,31
ni,35
no,13
u,37
ra,75
me,23
ra,74
ne,28
nu,17
ra,73
ni,34
ra,72
ra,71
pi,36
ra,70
si,43
ra,69
ra,68
te,50
ra,67
ti,43
ra,66
tu,10
ra3,3
re,53
ku,10
re,52
ri,100
ri,99
ne,27
ri,98
ri,97
ti,42
wi,34
ro,49
ro,48
se,19
se,18
wi,33
si,42
so,10
so,9
ni,33
so,8
ta,43
ta,42
ta,41
u,36
ta,40
te,49
u,35
te,48
ti,41
ti,40
to,32
ro,47
pu,4
tu,9
u,34
ti,39
wa,37
si,41
*86,2
de,12
i,23
ka,33
ki,27
ki,26
ki,25
to,31
ki,24
to,30
ki,23
ri,96
na,31
wa,36
ni,32
no,12
e,20
nu,16
ra,65
ra,64
re,51
ti,38
ri,95
re,50
re,49
u,33
ri,94
da,32
ma,32
ri,93
te,47
ri,92
ti,37
ri,91
wa,35
sa,21
sa,20
ta,39
*47,1
ta,38
je,13
ta,37
ka,32
ta,36
ke,40
ku,9
me,22
ta,35
ki,22
ti,36
ta,34
ta,33
ta,32
ta,31
ra,63
ta,30
ri,90
ko,33
ta,29
se,17
te,46
te,45
ti,35
ja,43
to,29
qe,8
to,28
tu,8
tu,7
tu,6
wi,32
wo,37
ni,31
za,6
za,5
ja,42
ra,62
ja,41
jo,15
ka,31
ri,89
ka,30
ka,29
ko,32
ni,30
ra,61
ti,34
ru,20
sa,19
ra,60
ta,28
to,27
we,30
i,22
ni,29
qo,23
re,48
ri,88
ri,87
wo,36
ro,46
ko,31
wo,35
wo,34
ro,45
ro,44
qo,22
jo,14
me,21
ka,28
ta,27
te,44
ti,33
ti,32
ri,86
to,26
to,25
wo,33
e,19
ra,59
e,18
si,40
i,21
se,16
wi,31
pu,3
ti,31
si,39
su,10
u,32
do,11
wi,30
de,11
we,29
do,10
wo,32
ki,21
ri,85
me,20
ta,26
o,10
o,9
qa,11
sa,18
qe,7
ri,84
ri,83
wa,34
ti,30
ja,40
we,28
wi,29
wo,31
ki,20
da,31
do,9
ro,43
e,17
nu,15
ri,82
wo,30
sa,17
si,38
wa,33
*22,2
*34,2
da,30
da,29
ke,39
we,27
du,8
ru,19
ja,39
ke,38
te,43
ke,37
u,31
ri,81
ki,19
ki,18
ko,30
me,19
ne,26
ku,8
na,30
ku,7
mi,19
ri,80
jo,13
mi,18
ri,79
mu,4
ka,27
na,29
se,15
na,28
te,42
na,27
na,26
ne,25
nu,14
pa,17
wo,29
ne,24
pa,16
wo,28
pe,27
pe,26
ra,58
pe,25
re,47
pe,24
pe,23
pe,22
pe,21
pe,20
se,14
pe,19
pe,18
te,41
re,46
pe,17
te,40
pe,16
to,24
re,45
pi,35
a2,3
pi,34
da,28
mi,17
pi,33
e,16
de,10
pi,32
de,9
so,7
pi,31
e,15
de,8
pi,30
i,20
ja,38
pi,29
ka,26
pe,15
e,14
pi,28
ka,25
pe,14
e,13
we,26
pi,27
ke,36
re,44
mi,16
ni,28
pi,26
ke,35
wi,28
ri,78
je,12
pi,25
ko,29
ru,18
si,37
pi,24
ko,28
pi,23
me,18
pi,22
qi,9
pi,21
ra3,2
te,39
pi,20
ri,77
mi,15
ni,27
pi,19
ro,42
pi,18
si,36
ri,76
ja,37
pi,17
su,9
pi,16
te,38
ke,34
e,12
pi,15
te,37
u,30
ke,33
e,11
pi,14
ti,29
ni,26
ja,36
pi,13
ja,35
pi,12
ke,32
ri,75
pi,11
ra,57
i,19
pi,10
si,35
po,16
po,15
ro,41
me,17
po,14
ro,40
u,29
si,34
qo,21
o,8
ki,17
re,43
re,42
mo,5
a,4
ke,31
re,41
re,40
ne,23
re,39
o,7
re,38
te,36
ri,74
ri,73
ro,39
ke,30
ru,17
ma,31
sa,16
po,13
te,35
se,13
to,23
wo,27
wi,27
tu,5
wo,26
wa,32
si,33
we,25
wi,26
wo,25
da,27
je,11
di,9
i,18
ja,34
ja,33
ni,25
ja,32
ja,31
ka,24
ke,29
ki,16
ja,30
ko,27
na,25
re,37
na,24
pa,15
ra,56
qo,20
si,32
qo,19
ra,55
ra,54
ku,6
ra,53
ti,28
ra,52
ra,51
wa,31
si,31
te,34
o,6
ta,25
ti,27
ta,24
u,28
wa,30
wa,29
we,24
wi,25
za,4
da,26
i,17
de,7
we,23
di,8
je,10
ki,15
ko,26
ne,22
we,22
po,12
qe,6
qo,18
qo,17
ra3,1
ko,25
ra,50
i,16
re,36
re,35
*82,4
re,34
re,33
ke,28
re,32
re,31
qo,16
re,30
qo,15
re,29
wo,24
ri,72
me,16
ri,71
qo,14
ri,70
ra,49
ri,69
to,22
ri,68
je,9
ri,67
ri,66
ri,65
ri,64
te,33
ri,63
ru,16
si,30
se,12
te,32
ki,14
to,21
we,21
ri,62
te,31
ja,29
mu,3
ja,28
se,11
ja,27
si,29
ke,27
re,28
ki,13
nu,13
ma,30
na,23
pi,9
tu,4
ra,48
ka,23
ra,47
me,15
ri,61
ri,60
je,8
ri,59
ri,58
ri,57
to,20
ri,56
u,27
ro,38
ka,22
ro,37
qa,10
ro,36
ta,23
ro,35
te,30
ko,24
ru,15
sa,15
wa,28
ta,22
ke,26
ti,26
ro2,1
we,20
we,19
ri,55
ja,26
*34,1
wi,24
da,25
i,15
te,29
i,14
ti,25
ka,21
ke,25
ki,12
ro,34
nu,12
ki,11
ro,33
ki,10
ko,23
ku,5
ku,4
te,28
ma,29
ni,24
ke,24
ni,23
ki,9
pu,2
re,27
qe,5
wi,23
ra,46
re,26
no,11
zo,1
te,27
ri,54
ri,53
ri,52
ri,51
ro,32
du,7
ma,28
ro,31
i,13
ro,30
ko,22
ro,29
qa,9
ta,21
ro,28
su,8
ro,27
te,26
ro,26
ro,25
u,26
te,25
ru,14
da,24
ma,27
ru,13
qo,13
ru,12
qo,12
ru,11
se,10
da,23
si,28
da,22
i,12
je,7
u,25
si,27
ke,23
te,24
so,6
pe,13
re,25
te,23
ti,24
ja,25
ke,22
ti,23
ti,22
ni,22
to,19
ri,50
to,18
ro,24
wa,27
wi,22
te,22
jo,12
re,24
da,21
i,11
re,23
ka,20
ka,19
ta,20
ri,49
ka,18
ke,21
ke,20
se,9
ko,21
ko,20
ko,19
ko,18
ma,26
ra,45
na,22
na,21
nu,11
ra,44
ra,43
ra,42
ra,41
u,24
to,17
re,22
ta,19
ri,48
ta,18
te,21
ri,47
te,20
ti,21
to,16
wa,26
wi,21
za,3
ke,19
qi,8
ke,18
qi,7
ri,46
ne,21
ra,40
ne,20
ra2,6
a,3
ke,17
re,21
ra2,5
a,2
ki,8
ri,45
re,20
re,19
ru,10
da,20
si,26
ja,24
te,19
ti,20
*83,1
da,19
di,7
i,10
me,14
si,25
mi,14
si,24
na,20
no,10
nu,10
wa,25
nwa,2
qa,8
ra,39
de,6
ra,38
i,9
ra,37
ra,36
ra,35
su,7
ti,19
ra2,4
ra2,3
ti,18
ra2,2
sa,14
sa,13
ro,23
si,23
da,18
si,22
re,18
si,21
re,17
wi,20
ti,17
to,15
no,9
da,17
do,8
pa,14
ta,17
qi,6
no,8
me,13
ra,34
di,6
ri,44
ra,33
ra,32
si,20
re,16
ma,25
re,15
me,12
ne,19
re,14
qo,11
ri,43
ta,16
ra,31
je,6
ta,15
se,8
te,18
te,17
se,7
to,14
ro,22
to,13
ro,21
po,11
to,12
ro,20
wa,24
ja,23
ja,22
ko,17
we,18
ni,21
te,16
nwa,1
qe,4
ri,42
ja,21
ri,41
ta,14
si,19
ja,20
si,18
pe,12
si,17
ta,13
ja,19
ja,18
te,15
u,23
ko,16
u,22
qo,10
wa,23
ke,16
se,6
e,10
i,8
ja,17
ka,17
te,14
ke,15
da,16
ke,14
re,13
ke,13
ku,3
ma,24
ma,23
na,19
ma,22
mi,13
mi,12
ni,20
mi,11
ni,19
mo,4
ni,18
jo,11
o,5
pa,13
pa,12
sa,12
pa,11
pe,11
pi,8
ti,16
qa,7
qi,5
ti,15
ri,40
di,5
sa,11
si,16
ne,18
wi,19
su,6
su,5
ti,14
su,4
te,13
u,21
ra,30
u,20
ra,29
ti,13
u,19
wa,22
e,9
si,15
wa,21
e,8
si,14
wa,20
ke,12
wa,19
ke,11
wa,18
ke,10
wa,17
wa,16
ra,28
wa,15
si,13
wa,14
si,12
wi,18
ja,16
wi,17
wi,16
wo,23
do,7
wo,22
ke,9
wo,21
po,10
wo,20
qo,9
wo,19
qo,8
wo,18
ti,12
ka,16
ke,8
to,11
ro,19
te,12
ri,39
ko,15
me,11
pe,10
u,18
ri,38
po,9
qa,6
se,5
qo,7
me,10
ri,37
ri,36
ri,35
ta,12
u,17
ka,15
u,16
u,15
ko,14
nu,9
u,14
ko,13
to,10
wa,13
wo,17
to,9
ro,18
wo,16
*82,3
ta,11
ja,15
jo,10
ku,2
ma,21
na,18
ko,12
ne,17
ni,17
sa,10
so,5
so,4
we,17
su,3
wi,15
wi,14
i,7
o,4
qo,6
ro,17
ni,16
u,13
u,12
si,11
je,5
wi,13
u,11
we,16
wi,12
*56,2
ra,27
ki,7
ko,11
wo,15
ma,20
ma,19
na,17
na,16
sa,9
ta2,1
de,5
ka,14
re,12
ka,13
ri,34
ke,7
me,9
ma,18
ma,17
ja,14
ma,16
ma,15
ri,33
ma,14
ri,32
ma,13
ri,31
wa,12
ma,12
ma,11
ti,11
me,8
ti,10
me,7
mu,2
ta,10
na,15
na,14
to,8
ni,15
nu,8
nu,7
we,15
pa,10
ka,12
te,11
ri,30
pa,9
nu,6
wo,14
me,6
pe,9
pi,7
pi,6
pi,5
ti,9
ne,16
we,14
pi,4
ti,8
nu,5
qa,5
re,11
ra,26
pe,8
ri,29
nu,4
wo,13
ri,28
qo,5
sa,8
sa,7
sa,6
ti,7
qi,4
u,10
u,9
ri,27
za,2
ze,1
me,5
tu,3
to,7
i,6
to,6
i,5
wo,12
a2,2
da,15
ja,13
du,6
ja,12
ma,10
ja,11
pu2,1
jo,9
wo,11
ki,6
ma,9
mi,10
te,10
ne,15
e,7
ni,14
nu,3
nu,2
mo,3
pa,8
ta,9
pe,7
ra,25
ra,24
ra,23
ta,8
to,5
po,8
ti,6
ni,13
di,4
ni,12
ja,10
ke,6
ki,5
ri,26
ko,10
ma,8
mo,2
no,7
pu,1
qo,4
ri,25
ru,9
ta,7
*49,2
de,4
di,3
*22,1
mi,9
de,3
mi,8
je,4
mi,7
te,9
na,13
po,7
na,12
ni,11
pa,7
da,14
pa,6
e,6
o,3
pa,5
pe,6
ra,22
me,4
ra,21
ra,20
ra,19
si,10
ra,18
ra,17
ra,16
ra,15
ra,14
to,4
ra2,1
re,10
si,9
ko,9
ta,6
ta,5
ti,5
qo,3
we,13
to,3
u,8
na,11
u,7
pa,4
du,5
u,6
po,6
wa,11
ko,8
we,12
si,8
za,1
ki,4
ri,24
ne,14
ko,7
to,2
mi,6
mi,5
o,2
do,6
ra,13
o,1
po,5
ri,23
pa,3
pe,5
pe,4
qa,4
ra,12
pe,3
ra,11
po,4
si,7
ra,10
po,3
re,9
ne,13
re,8
re,7
re,6
wa,10
ru,8
ru,7
se,4
te,8
re,5
tu,2
ko,6
wo,10
u,5
wa,9
mi,4
mi,3
mu,1
nu,1
ni,10
ja,9
qa,3
ri,22
da,13
ri,21
ri,20
jo,8
ko,5
ri,19
jo,7
ri,18
jo,6
ri,17
ri,16
po,2
di,2
ri,15
sa,5
ri,14
se,3
ro,16
ri,13
wa,8
ti,4
ko,4
do,5
ko,3
so,3
wo,9
ma,7
mi,2
na,10
ni,9
no,6
e,5
ke,5
te,7
ri,12
pe,2
pe,1
qi,3
da,12
qi,2
qi,1
de,2
we,11
ra,9
ri,11
ro,15
ro,14
ki,3
ro,13
no,5
wo,8
ro,12
no,4
wo,7
ro,11
ro,10
qe,3
jo,5
me,3
ro,9
ro,8
wa,7
ro,7
wa,6
ro,6
ro,5
ru,6
ko,2
sa,4
me,2
ja,8
sa,3
sa,2
si,6
so,2
ku,1
su,2
te,6
te,5
we,10
ja,7
se,2
ti,3
tu,1
u,4
u,3
na,9
wa,5
wi,11
*49,1
*56,1
da,11
da,10
ka,11
ka,10
ka,9
ka,8
ka,7
ke,4
ne,12
ma,6
i,4
ma,5
na,8
ni,8
ni,7
ni,6
qa,2
ni,5
ja,6
ra,8
te,4
ri,10
ri,9
ri,8
ru,5
pte,1
ri,7
ru,4
we,9
wi,10
wi,9
jo,4
pa,2
pi,3
ja,5
ki,2
ri,6
po,1
qa,1
ra,7
ra,6
mo,1
ru,3
pi,2
ja,4
ta,4
ta,3
ta,2
wa,4
si,5
wa,3
wo,6
qe,2
wo,5
qe,1
*86,1
du,4
ka,6
sa,1
du,3
na,7
ka,5
ti,2
ja,3
ke,3
na,6
na,5
se,1
wi,8
na,4
ta,1
no,3
ra,5
ru,2
wo,4
wa,2
wo,3
u,2
a,1
re,4
a2,1
no,2
da,9
ne,11
da,8
ne,10
da,7
ne,9
da,6
ne,8
da,5
ne,7
e,4
wi,7
i,3
we,8
je,3
ka,4
ke,2
i,2
ra,4
te,3
re,3
ne,6
re,2
ro,4
pa,1
te,2
re,1
wa,1
do,4
we,7
e,3
we,6
we,5
si,4
we,4
si,3
wo,2
ni,4
*65,2
te,1
da,4
da,3
ka,3
da,2
ma,4
da,1
ma,3
do,3
wo,1
i,1
du,2
du,1
ru,1
ja,2
ma,2
je,2
je,1
jo,3
ka,2
jo,2
qo,2
na,3
na,2
pi,1
ra,3
ra,2
ne,5
ri,5
ne,4
ri,4
ni,3
ri,3
ri,2
ro,3
su,1
*65,1
*82,2
ni,2
*82,1
ni,1
de,1
wi,6
di,1
do,2
ko,1
na,1
ne,3
ne,2
no,1
qo,1
ra,1
we,3
ro,2
ka,1
ro,1
ti,1
si,2
jo,1
we,2
wi,5
wi,4
ja,1
e,2
to,1
ki,1
ri,1
ma,1
e,1
wi,3
mi,1
we,1
ne,1
si,1
wi,2
so,1
me,1
u,1
ke,1
do,1
wi,1
